link_id,source_id,relation_type,target_id,profile
FB2-LNK-CHG-000001,FB2-MAN-CHG-000001,changes,FB2-SAF-FSR-000002,synthetic_reference
FB2-LNK-CHG-000002,FB2-MAN-CHG-000001,changes,FB2-SAF-HAZ-000001,synthetic_reference
FB2-LNK-CHG-000003,FB2-MAN-CHG-000001,changes,FB2-HW-TSR-000001,synthetic_reference
FB2-LNK-CHG-000004,FB2-MAN-CHG-000001,changes,FB2-SW-DSN-000002,synthetic_reference
FB2-LNK-CHG-000005,FB2-MAN-CHG-000001,changes,FB2-VER-TMS-000001,synthetic_reference
FB2-LNK-CHG-000006,FB2-MAN-CHG-000002,changes,FB2-SYS-HSI-000001,synthetic_reference
FB2-LNK-CHG-000007,FB2-MAN-CHG-000002,changes,FB2-HW-TSR-000001,synthetic_reference
FB2-LNK-CHG-000008,FB2-MAN-CHG-000002,changes,FB2-HW-TSR-000002,synthetic_reference
FB2-LNK-CHG-000009,FB2-MAN-CHG-000002,changes,FB2-SW-SWR-000001,synthetic_reference
FB2-LNK-CHG-000010,FB2-MAN-CHG-000002,changes,FB2-SW-DSN-000001,synthetic_reference
FB2-LNK-CHG-000011,FB2-MAN-CHG-000002,changes,FB2-VER-TMS-000003,synthetic_reference
FB2-LNK-CHG-000012,FB2-MAN-CHG-000002,changes,FB2-VER-TMS-000005,synthetic_reference
FB2-LNK-CHG-000013,FB2-MAN-CHG-000003,changes,FB2-SAF-FSR-000002,synthetic_reference
FB2-LNK-CHG-000014,FB2-MAN-CHG-000003,changes,FB2-SW-DSN-000002,synthetic_reference
FB2-LNK-CHG-000015,FB2-MAN-CHG-000003,changes,FB2-SW-SWR-000002,synthetic_reference
FB2-LNK-CHG-000016,FB2-MAN-CHG-000003,changes,FB2-VER-TMS-000001,synthetic_reference
FB2-LNK-REVB-000001,FB2-REV-000010,reviewed_by,FB2-SAF-HAZ-000001,as_is
FB2-LNK-REVB-000001,FB2-REV-000009,reviewed_by,FB2-SAF-HAZ-000001,synthetic_reference
FB2-LNK-REVB-000002,FB2-REV-000010,reviewed_by,FB2-SAF-SGO-000001,as_is
FB2-LNK-REVB-000002,FB2-REV-000009,reviewed_by,FB2-SAF-SGO-000001,synthetic_reference
FB2-LNK-REVB-000003,FB2-REV-000010,reviewed_by,FB2-SAF-FSR-000001,as_is
FB2-LNK-REVB-000003,FB2-REV-000009,reviewed_by,FB2-SAF-FSR-000001,synthetic_reference
FB2-LNK-REVB-000004,FB2-REV-000010,reviewed_by,FB2-SAF-FSR-000002,as_is
FB2-LNK-REVB-000004,FB2-REV-000009,reviewed_by,FB2-SAF-FSR-000002,synthetic_reference
FB2-LNK-REVB-000005,FB2-REV-000010,reviewed_by,FB2-SAF-FSR-000003,as_is
FB2-LNK-REVB-000005,FB2-REV-000009,reviewed_by,FB2-SAF-FSR-000003,synthetic_reference
FB2-LNK-REVB-000006,FB2-REV-000010,reviewed_by,FB2-HW-TSR-000001,as_is
FB2-LNK-REVB-000006,FB2-REV-000009,reviewed_by,FB2-SAF-FSR-000004,synthetic_reference
FB2-LNK-REVB-000007,FB2-REV-000010,reviewed_by,FB2-HW-TSR-000002,as_is
FB2-LNK-REVB-000007,FB2-REV-000009,reviewed_by,FB2-SAF-ANL-000001,synthetic_reference
FB2-LNK-REVB-000008,FB2-REV-000010,reviewed_by,FB2-HW-TSR-000003,as_is
FB2-LNK-REVB-000008,FB2-REV-000009,reviewed_by,FB2-SAF-ANL-000002,synthetic_reference
FB2-LNK-REVB-000009,FB2-REV-000010,reviewed_by,FB2-SW-SWR-000001,as_is
FB2-LNK-REVB-000009,FB2-REV-000009,reviewed_by,FB2-SAF-ANL-000003,synthetic_reference
FB2-LNK-REVB-000010,FB2-REV-000010,reviewed_by,FB2-SW-SWR-000002,as_is
FB2-LNK-REVB-000010,FB2-REV-000009,reviewed_by,FB2-SAF-ANL-000004,synthetic_reference
FB2-LNK-REVB-000011,FB2-REV-000010,reviewed_by,FB2-SW-SWR-000003,as_is
FB2-LNK-REVB-000011,FB2-REV-000009,reviewed_by,FB2-SAF-SCS-000001,synthetic_reference
FB2-LNK-REVB-000012,FB2-REV-000010,reviewed_by,FB2-SW-DSN-000001,as_is
FB2-LNK-REVB-000012,FB2-REV-000009,reviewed_by,FB2-SAF-TAR-000001,synthetic_reference
FB2-LNK-REVB-000013,FB2-REV-000010,reviewed_by,FB2-SW-DSN-000002,as_is
FB2-LNK-REVB-000013,FB2-REV-000009,reviewed_by,FB2-SAF-SEC-000001,synthetic_reference
FB2-LNK-REVB-000014,FB2-REV-000010,reviewed_by,FB2-SW-DSN-000003,as_is
FB2-LNK-REVB-000014,FB2-REV-000009,reviewed_by,FB2-SAF-SEC-000002,synthetic_reference
FB2-LNK-REVB-000015,FB2-REV-000010,reviewed_by,FB2-VER-TMS-000001,as_is
FB2-LNK-REVB-000015,FB2-REV-000009,reviewed_by,FB2-SAF-SEC-000003,synthetic_reference
FB2-LNK-REVB-000016,FB2-REV-000010,reviewed_by,FB2-VER-TMS-000002,as_is
FB2-LNK-REVB-000016,FB2-REV-000009,reviewed_by,FB2-SAF-SEC-000004,synthetic_reference
FB2-LNK-REVB-000017,FB2-REV-000002,reviewed_by,FB2-SW-DEV-000001,as_is
FB2-LNK-REVB-000017,FB2-REV-000009,reviewed_by,FB2-SAF-SEC-000005,synthetic_reference
FB2-LNK-REVB-000018,FB2-REV-000002,reviewed_by,FB2-SW-DEV-000002,as_is
FB2-LNK-REVB-000018,FB2-REV-000009,reviewed_by,FB2-MAN-CHG-000001,synthetic_reference
FB2-LNK-REVB-000019,FB2-REV-000002,reviewed_by,FB2-SW-DEV-000003,as_is
FB2-LNK-REVB-000019,FB2-REV-000009,reviewed_by,FB2-MAN-CHG-000002,synthetic_reference
FB2-LNK-REVB-000020,FB2-REV-000002,reviewed_by,FB2-SW-DEV-000004,as_is
FB2-LNK-REVB-000020,FB2-REV-000009,reviewed_by,FB2-MAN-CHG-000003,synthetic_reference
FB2-LNK-REVB-000021,FB2-REV-000002,reviewed_by,FB2-SW-DEV-000005,as_is
FB2-LNK-REVB-000021,FB2-REV-000004,reviewed_by,FB2-MAN-CHG-000001,synthetic_reference
FB2-LNK-REVB-000022,FB2-REV-000002,reviewed_by,FB2-SW-DEV-000006,as_is
FB2-LNK-REVB-000022,FB2-REV-000004,reviewed_by,FB2-MAN-CHG-000002,synthetic_reference
FB2-LNK-REVB-000023,FB2-REV-000002,reviewed_by,FB2-SW-DEV-000007,as_is
FB2-LNK-REVB-000023,FB2-REV-000004,reviewed_by,FB2-MAN-CHG-000003,synthetic_reference
FB2-LNK-REVB-000024,FB2-REV-000002,reviewed_by,FB2-SW-DEV-000008,as_is
FB2-LNK-REVB-000024,FB2-REV-000003,reviewed_by,FB2-SAF-TAR-000001,synthetic_reference
FB2-LNK-REVB-000025,FB2-REV-000002,reviewed_by,FB2-SW-DEV-000009,as_is
FB2-LNK-REVB-000025,FB2-REV-000003,reviewed_by,FB2-SAF-SEC-000001,synthetic_reference
FB2-LNK-REVB-000026,FB2-REV-000002,reviewed_by,FB2-SW-DEV-000010,as_is
FB2-LNK-REVB-000026,FB2-REV-000003,reviewed_by,FB2-SAF-SEC-000002,synthetic_reference
FB2-LNK-REVB-000027,FB2-REV-000002,reviewed_by,FB2-SW-DEV-000011,as_is
FB2-LNK-REVB-000027,FB2-REV-000003,reviewed_by,FB2-SAF-SEC-000003,synthetic_reference
FB2-LNK-REVB-000028,FB2-REV-000002,reviewed_by,FB2-SW-DEV-000012,as_is
FB2-LNK-REVB-000028,FB2-REV-000003,reviewed_by,FB2-SAF-SEC-000004,synthetic_reference
FB2-LNK-REVB-000029,FB2-REV-000002,reviewed_by,FB2-SW-DEV-000013,as_is
FB2-LNK-REVB-000029,FB2-REV-000003,reviewed_by,FB2-SAF-SEC-000005,synthetic_reference
FB2-LNK-REVB-000030,FB2-REV-000002,reviewed_by,FB2-SW-DEV-000014,as_is
FB2-LNK-REVB-000030,FB2-REV-000012,reviewed_by,FB2-SAF-ANL-000001,synthetic_reference
FB2-LNK-REVB-000031,FB2-REV-000002,reviewed_by,FB2-SW-DEV-000015,as_is
FB2-LNK-REVB-000031,FB2-REV-000012,reviewed_by,FB2-SAF-ANL-000002,synthetic_reference
FB2-LNK-REVB-000032,FB2-REV-000002,reviewed_by,FB2-SW-DEV-000016,as_is
FB2-LNK-REVB-000032,FB2-REV-000012,reviewed_by,FB2-SAF-ANL-000003,synthetic_reference
FB2-LNK-REVB-000033,FB2-REV-000002,reviewed_by,FB2-SW-DEV-000017,as_is
FB2-LNK-REVB-000033,FB2-REV-000012,reviewed_by,FB2-SAF-ANL-000004,synthetic_reference
FB2-LNK-REVB-000034,FB2-REV-000002,reviewed_by,FB2-SW-DEV-000018,as_is
FB2-LNK-REVB-000034,FB2-REV-000012,reviewed_by,FB2-SAF-SCS-000001,synthetic_reference
FB2-LNK-REVB-000035,FB2-REV-000002,reviewed_by,FB2-SW-DEV-000019,as_is
FB2-LNK-REVB-000035,FB2-REV-000012,reviewed_by,FB2-SAF-FSR-000004,synthetic_reference
FB2-LNK-REVB-000036,FB2-REV-000002,reviewed_by,FB2-SW-DEV-000020,as_is
FB2-LNK-REVB-000036,FB2-REV-000012,reviewed_by,FB2-HW-TSR-000004,synthetic_reference
FB2-LNK-REVB-000037,FB2-REV-000002,reviewed_by,FB2-SW-DEV-000021,as_is
FB2-LNK-REVB-000037,FB2-REV-000012,reviewed_by,FB2-VER-TMS-000006,synthetic_reference
FB2-LNK-REVB-000038,FB2-REV-000002,reviewed_by,FB2-SW-DEV-000022,as_is
FB2-LNK-REVB-000038,FB2-REV-000012,reviewed_by,FB2-VER-TMS-000007,synthetic_reference
FB2-LNK-REVB-000039,FB2-REV-000002,reviewed_by,FB2-SW-DEV-000023,as_is
FB2-LNK-REVB-000039,FB2-REV-000012,reviewed_by,FB2-VER-TMS-000008,synthetic_reference
FB2-LNK-REVB-000040,FB2-REV-000002,reviewed_by,FB2-SW-DEV-000024,as_is
FB2-LNK-REVB-000040,FB2-REV-000012,reviewed_by,FB2-VER-TMS-000009,synthetic_reference
FB2-LNK-REVB-000041,FB2-REV-000002,reviewed_by,FB2-SW-DEV-000025,as_is
FB2-LNK-REVB-000041,FB2-REV-000012,reviewed_by,FB2-VER-TMS-000010,synthetic_reference
FB2-LNK-REVB-000042,FB2-REV-000002,reviewed_by,FB2-SW-DEV-000026,as_is
FB2-LNK-REVB-000042,FB2-REV-000012,reviewed_by,FB2-VER-TMS-000011,synthetic_reference
FB2-LNK-REVB-000043,FB2-REV-000011,reviewed_by,FB2-SAF-HAZ-000001,as_is
FB2-LNK-REVB-000043,FB2-REV-000012,reviewed_by,FB2-VER-EXE-000006,synthetic_reference
FB2-LNK-REVB-000044,FB2-REV-000011,reviewed_by,FB2-SAF-SGO-000001,as_is
FB2-LNK-REVB-000044,FB2-REV-000012,reviewed_by,FB2-VER-EXE-000007,synthetic_reference
FB2-LNK-REVB-000045,FB2-REV-000011,reviewed_by,FB2-SAF-FSR-000001,as_is
FB2-LNK-REVB-000045,FB2-REV-000012,reviewed_by,FB2-VER-EXE-000008,synthetic_reference
FB2-LNK-REVB-000046,FB2-REV-000011,reviewed_by,FB2-SAF-FSR-000002,as_is
FB2-LNK-REVB-000046,FB2-REV-000012,reviewed_by,FB2-VER-EXE-000009,synthetic_reference
FB2-LNK-REVB-000047,FB2-REV-000011,reviewed_by,FB2-SAF-FSR-000003,as_is
FB2-LNK-REVB-000047,FB2-REV-000012,reviewed_by,FB2-VER-EXE-000010,synthetic_reference
FB2-LNK-REVB-000048,FB2-REV-000011,reviewed_by,FB2-HW-TSR-000001,as_is
FB2-LNK-REVB-000048,FB2-REV-000012,reviewed_by,FB2-VER-EXE-000011,synthetic_reference
FB2-LNK-REVB-000049,FB2-REV-000011,reviewed_by,FB2-HW-TSR-000002,as_is
FB2-LNK-REVB-000049,FB2-REV-000012,reviewed_by,FB2-SAF-HAZ-000001,synthetic_reference
FB2-LNK-REVB-000050,FB2-REV-000011,reviewed_by,FB2-HW-TSR-000003,as_is
FB2-LNK-REVB-000050,FB2-REV-000012,reviewed_by,FB2-SAF-SGO-000001,synthetic_reference
FB2-LNK-REVB-000051,FB2-REV-000011,reviewed_by,FB2-SW-SWR-000001,as_is
FB2-LNK-REVB-000051,FB2-REV-000012,reviewed_by,FB2-SAF-FSR-000001,synthetic_reference
FB2-LNK-REVB-000052,FB2-REV-000011,reviewed_by,FB2-SW-SWR-000002,as_is
FB2-LNK-REVB-000052,FB2-REV-000012,reviewed_by,FB2-SAF-FSR-000002,synthetic_reference
FB2-LNK-REVB-000053,FB2-REV-000011,reviewed_by,FB2-SW-SWR-000003,as_is
FB2-LNK-REVB-000053,FB2-REV-000012,reviewed_by,FB2-SAF-FSR-000003,synthetic_reference
FB2-LNK-REVB-000054,FB2-REV-000011,reviewed_by,FB2-SW-DSN-000001,as_is
FB2-LNK-REVB-000054,FB2-REV-000012,reviewed_by,FB2-SAF-TAR-000001,synthetic_reference
FB2-LNK-REVB-000055,FB2-REV-000011,reviewed_by,FB2-SW-DSN-000002,as_is
FB2-LNK-REVB-000055,FB2-REV-000012,reviewed_by,FB2-SAF-SEC-000001,synthetic_reference
FB2-LNK-REVB-000056,FB2-REV-000011,reviewed_by,FB2-SW-DSN-000003,as_is
FB2-LNK-REVB-000056,FB2-REV-000012,reviewed_by,FB2-SAF-SEC-000002,synthetic_reference
FB2-LNK-REVB-000057,FB2-REV-000011,reviewed_by,FB2-VER-TMS-000001,as_is
FB2-LNK-REVB-000057,FB2-REV-000012,reviewed_by,FB2-SAF-SEC-000003,synthetic_reference
FB2-LNK-REVB-000058,FB2-REV-000011,reviewed_by,FB2-VER-TMS-000002,as_is
FB2-LNK-REVB-000058,FB2-REV-000012,reviewed_by,FB2-SAF-SEC-000004,synthetic_reference
FB2-LNK-REVB-000059,FB2-REV-000006,reviewed_by,FB2-VER-TMS-000003,as_is
FB2-LNK-REVB-000059,FB2-REV-000012,reviewed_by,FB2-SAF-SEC-000005,synthetic_reference
FB2-LNK-REVB-000060,FB2-REV-000006,reviewed_by,FB2-VER-TMS-000004,as_is
FB2-LNK-REVB-000060,FB2-REV-000012,reviewed_by,FB2-MAN-CHG-000001,synthetic_reference
FB2-LNK-REVB-000061,FB2-REV-000006,reviewed_by,FB2-VER-TMS-000005,as_is
FB2-LNK-REVB-000061,FB2-REV-000012,reviewed_by,FB2-MAN-CHG-000002,synthetic_reference
FB2-LNK-REVB-000062,FB2-REV-000001,reviewed_by,FB2-SAF-SGO-000001,as_is
FB2-LNK-REVB-000062,FB2-REV-000012,reviewed_by,FB2-MAN-CHG-000003,synthetic_reference
FB2-LNK-REVB-000063,FB2-REV-000001,reviewed_by,FB2-SAF-FSR-000002,as_is
FB2-LNK-REVB-000063,FB2-REV-000005,reviewed_by,FB2-SAF-ANL-000001,synthetic_reference
FB2-LNK-REVB-000064,FB2-REV-000001,reviewed_by,FB2-SAF-FSR-000003,as_is
FB2-LNK-REVB-000064,FB2-REV-000005,reviewed_by,FB2-SAF-ANL-000002,synthetic_reference
FB2-LNK-REVB-000065,FB2-REV-000001,reviewed_by,FB2-HW-TSR-000001,as_is
FB2-LNK-REVB-000065,FB2-REV-000005,reviewed_by,FB2-SAF-ANL-000003,synthetic_reference
FB2-LNK-REVB-000066,FB2-REV-000001,reviewed_by,FB2-HW-TSR-000002,as_is
FB2-LNK-REVB-000066,FB2-REV-000005,reviewed_by,FB2-SAF-ANL-000004,synthetic_reference
FB2-LNK-REVB-000067,FB2-REV-000001,reviewed_by,FB2-HW-TSR-000003,as_is
FB2-LNK-REVB-000067,FB2-REV-000005,reviewed_by,FB2-SAF-SCS-000001,synthetic_reference
FB2-LNK-REVB-000068,FB2-REV-000001,reviewed_by,FB2-SW-SWR-000001,as_is
FB2-LNK-REVB-000068,FB2-REV-000005,reviewed_by,FB2-SAF-FSR-000004,synthetic_reference
FB2-LNK-REVB-000069,FB2-REV-000001,reviewed_by,FB2-SW-SWR-000002,as_is
FB2-LNK-REVB-000069,FB2-REV-000005,reviewed_by,FB2-HW-TSR-000004,synthetic_reference
FB2-LNK-REVB-000070,FB2-REV-000001,reviewed_by,FB2-SW-SWR-000003,as_is
FB2-LNK-REVB-000070,FB2-REV-000008,reviewed_by,FB2-MAN-SCO-000001,synthetic_reference
FB2-LNK-REVB-000071,FB2-REV-000001,reviewed_by,FB2-SW-DSN-000001,as_is
FB2-LNK-REVB-000071,FB2-REV-000008,reviewed_by,FB2-MAN-SPL-000001,synthetic_reference
FB2-LNK-REVB-000072,FB2-REV-000001,reviewed_by,FB2-SW-DSN-000002,as_is
FB2-LNK-REVB-000072,FB2-REV-000008,reviewed_by,FB2-SYS-HSI-000001,synthetic_reference
FB2-LNK-REVB-000073,FB2-REV-000001,reviewed_by,FB2-SW-DSN-000003,as_is
FB2-LNK-REVB-000073,FB2-REV-000008,reviewed_by,FB2-SCN-MUT-000001,synthetic_reference
FB2-LNK-REVB-000074,FB2-REV-000001,reviewed_by,FB2-VER-TMS-000001,as_is
FB2-LNK-REVB-000074,FB2-REV-000008,reviewed_by,FB2-SCN-MUT-000002,synthetic_reference
FB2-LNK-REVB-000075,FB2-REV-000001,reviewed_by,FB2-VER-TMS-000002,as_is
FB2-LNK-REVB-000075,FB2-REV-000008,reviewed_by,FB2-SCN-CHG-000001,synthetic_reference
FB2-LNK-REVB-000076,FB2-REV-000001,reviewed_by,FB2-VER-EXE-000001,as_is
FB2-LNK-REVB-000076,FB2-REV-000008,reviewed_by,FB2-SCN-CHG-000002,synthetic_reference
FB2-LNK-REVB-000077,FB2-REV-000008,reviewed_by,FB2-SCN-CHG-000003,synthetic_reference
FB2-LNK-REVB-000078,FB2-REV-000007,reviewed_by,FB2-VER-TMS-000006,synthetic_reference
FB2-LNK-REVB-000079,FB2-REV-000007,reviewed_by,FB2-VER-TMS-000007,synthetic_reference
FB2-LNK-REVB-000080,FB2-REV-000007,reviewed_by,FB2-VER-TMS-000008,synthetic_reference
FB2-LNK-REVB-000081,FB2-REV-000007,reviewed_by,FB2-VER-TMS-000009,synthetic_reference
FB2-LNK-REVB-000082,FB2-REV-000007,reviewed_by,FB2-VER-TMS-000010,synthetic_reference
FB2-LNK-REVB-000083,FB2-REV-000007,reviewed_by,FB2-VER-TMS-000011,synthetic_reference
FB2-LNK-REVB-000084,FB2-REV-000007,reviewed_by,FB2-VER-EXE-000006,synthetic_reference
FB2-LNK-REVB-000085,FB2-REV-000007,reviewed_by,FB2-VER-EXE-000007,synthetic_reference
FB2-LNK-REVB-000086,FB2-REV-000007,reviewed_by,FB2-VER-EXE-000008,synthetic_reference
FB2-LNK-REVB-000087,FB2-REV-000007,reviewed_by,FB2-VER-EXE-000009,synthetic_reference
FB2-LNK-REVB-000088,FB2-REV-000007,reviewed_by,FB2-VER-EXE-000010,synthetic_reference
FB2-LNK-REVB-000089,FB2-REV-000007,reviewed_by,FB2-VER-EXE-000011,synthetic_reference
FB2-LNK-SAF-000001,FB2-SAF-SGO-000001,mitigates,FB2-SAF-HAZ-000001,as_is
FB2-LNK-SAF-000001,FB2-SAF-SGO-000001,mitigates,FB2-SAF-HAZ-000001,synthetic_reference
FB2-LNK-SAF-000002,FB2-SAF-FSR-000001,refines,FB2-SAF-SGO-000001,as_is
FB2-LNK-SAF-000002,FB2-SAF-FSR-000001,refines,FB2-SAF-SGO-000001,synthetic_reference
FB2-LNK-SAF-000003,FB2-SAF-FSR-000002,refines,FB2-SAF-SGO-000001,as_is
FB2-LNK-SAF-000003,FB2-SAF-FSR-000002,refines,FB2-SAF-SGO-000001,synthetic_reference
FB2-LNK-SAF-000004,FB2-SAF-FSR-000003,refines,FB2-SAF-SGO-000001,as_is
FB2-LNK-SAF-000004,FB2-SAF-FSR-000003,refines,FB2-SAF-SGO-000001,synthetic_reference
FB2-LNK-SAF-000005,FB2-HW-TSR-000001,allocated_to,FB2-SAF-FSR-000001,as_is
FB2-LNK-SAF-000005,FB2-HW-TSR-000001,allocated_to,FB2-SAF-FSR-000001,synthetic_reference
FB2-LNK-SAF-000006,FB2-HW-TSR-000002,allocated_to,FB2-SAF-FSR-000001,as_is
FB2-LNK-SAF-000006,FB2-HW-TSR-000002,allocated_to,FB2-SAF-FSR-000001,synthetic_reference
FB2-LNK-SAF-000007,FB2-HW-TSR-000003,allocated_to,FB2-SAF-FSR-000003,as_is
FB2-LNK-SAF-000007,FB2-HW-TSR-000003,allocated_to,FB2-SAF-FSR-000003,synthetic_reference
FB2-LNK-SAF-000008,FB2-SW-SWR-000001,allocated_to,FB2-SAF-FSR-000001,as_is
FB2-LNK-SAF-000008,FB2-SW-SWR-000001,allocated_to,FB2-SAF-FSR-000001,synthetic_reference
FB2-LNK-SAF-000009,FB2-SW-SWR-000002,allocated_to,FB2-SAF-FSR-000002,as_is
FB2-LNK-SAF-000009,FB2-SW-SWR-000002,allocated_to,FB2-SAF-FSR-000002,synthetic_reference
FB2-LNK-SAF-000010,FB2-SW-SWR-000003,allocated_to,FB2-SAF-FSR-000003,as_is
FB2-LNK-SAF-000010,FB2-SW-SWR-000003,allocated_to,FB2-SAF-FSR-000003,synthetic_reference
FB2-LNK-SAF-000011,FB2-SW-DSN-000001,implements,FB2-SW-SWR-000001,as_is
FB2-LNK-SAF-000011,FB2-SW-DSN-000001,implements,FB2-SW-SWR-000001,synthetic_reference
FB2-LNK-SAF-000012,FB2-SW-DSN-000002,implements,FB2-SW-SWR-000002,as_is
FB2-LNK-SAF-000012,FB2-SW-DSN-000002,implements,FB2-SW-SWR-000002,synthetic_reference
FB2-LNK-SAF-000013,FB2-SW-DSN-000003,implements,FB2-SW-SWR-000003,as_is
FB2-LNK-SAF-000013,FB2-SW-DSN-000003,implements,FB2-SW-SWR-000003,synthetic_reference
FB2-LNK-SAF-000014,FB2-VER-TMS-000001,verifies,FB2-SAF-FSR-000002,as_is
FB2-LNK-SAF-000015,FB2-VER-TMS-000001,verifies,FB2-SW-SWR-000002,as_is
FB2-LNK-SAF-000016,FB2-VER-TMS-000002,verifies,FB2-SAF-FSR-000003,as_is
FB2-LNK-SAF-000017,FB2-VER-TMS-000002,verifies,FB2-SW-SWR-000003,as_is
FB2-LNK-SAF-000018,FB2-VER-EXE-000001,result_of,FB2-VER-TMS-000001,as_is
FB2-LNK-SAF-000019,FB2-REV-000001,reviewed_by,FB2-SAF-HAZ-000001,as_is
FB2-LNK-SAF-000020,FB2-REV-000001,reviewed_by,FB2-SAF-FSR-000001,as_is
FB2-LNK-SAF-000021,FB2-VER-TMS-000003,verifies,FB2-SAF-FSR-000001,as_is
FB2-LNK-SAF-000021,FB2-SAF-FSR-000004,refines,FB2-SAF-SGO-000001,synthetic_reference
FB2-LNK-SAF-000022,FB2-VER-TMS-000003,verifies,FB2-SW-SWR-000001,as_is
FB2-LNK-SAF-000022,FB2-VER-TMS-000001,verifies,FB2-SAF-FSR-000002,synthetic_reference
FB2-LNK-SAF-000023,FB2-VER-TMS-000004,verifies,FB2-HW-TSR-000001,as_is
FB2-LNK-SAF-000023,FB2-VER-TMS-000001,verifies,FB2-SW-SWR-000002,synthetic_reference
FB2-LNK-SAF-000024,FB2-VER-TMS-000004,verifies,FB2-HW-TSR-000002,as_is
FB2-LNK-SAF-000024,FB2-VER-TMS-000002,verifies,FB2-SAF-FSR-000003,synthetic_reference
FB2-LNK-SAF-000025,FB2-VER-TMS-000005,verifies,FB2-HW-TSR-000003,as_is
FB2-LNK-SAF-000025,FB2-VER-TMS-000002,verifies,FB2-SW-SWR-000003,synthetic_reference
FB2-LNK-SAF-000026,FB2-VER-EXE-000002,result_of,FB2-VER-TMS-000002,as_is
FB2-LNK-SAF-000026,FB2-VER-TMS-000003,verifies,FB2-SAF-FSR-000001,synthetic_reference
FB2-LNK-SAF-000027,FB2-VER-EXE-000003,result_of,FB2-VER-TMS-000003,as_is
FB2-LNK-SAF-000027,FB2-VER-TMS-000003,verifies,FB2-SW-SWR-000001,synthetic_reference
FB2-LNK-SAF-000028,FB2-VER-EXE-000004,result_of,FB2-VER-TMS-000004,as_is
FB2-LNK-SAF-000028,FB2-VER-TMS-000003,verifies,FB2-HW-TSR-000001,synthetic_reference
FB2-LNK-SAF-000029,FB2-VER-EXE-000005,result_of,FB2-VER-TMS-000005,as_is
FB2-LNK-SAF-000029,FB2-VER-TMS-000004,verifies,FB2-SAF-FSR-000004,synthetic_reference
FB2-LNK-SAF-000030,FB2-VER-TMS-000004,verifies,FB2-HW-TSR-000004,synthetic_reference
FB2-LNK-SAF-000031,FB2-VER-TMS-000005,verifies,FB2-HW-TSR-000002,synthetic_reference
FB2-LNK-SAF-000032,FB2-VER-TMS-000006,verifies,FB2-HW-TSR-000003,synthetic_reference
FB2-LNK-SAF-000033,FB2-VER-EXE-000001,result_of,FB2-VER-TMS-000001,synthetic_reference
FB2-LNK-SAF-000034,FB2-VER-EXE-000002,result_of,FB2-VER-TMS-000002,synthetic_reference
FB2-LNK-SAF-000035,FB2-VER-EXE-000003,result_of,FB2-VER-TMS-000003,synthetic_reference
FB2-LNK-SAF-000036,FB2-VER-EXE-000004,result_of,FB2-VER-TMS-000004,synthetic_reference
FB2-LNK-SAF-000037,FB2-VER-EXE-000005,result_of,FB2-VER-TMS-000005,synthetic_reference
FB2-LNK-SAF-000038,FB2-VER-EXE-000006,result_of,FB2-VER-TMS-000006,synthetic_reference
FB2-LNK-SAF-000039,FB2-VER-TMS-000007,verifies,FB2-SW-SWR-000001,synthetic_reference
FB2-LNK-SAF-000040,FB2-VER-TMS-000007,verifies,FB2-SW-SWR-000002,synthetic_reference
FB2-LNK-SAF-000041,FB2-VER-TMS-000007,verifies,FB2-SW-SWR-000003,synthetic_reference
FB2-LNK-SAF-000042,FB2-VER-TMS-000008,verifies,FB2-SAF-FSR-000001,synthetic_reference
FB2-LNK-SAF-000043,FB2-VER-TMS-000008,verifies,FB2-SAF-FSR-000002,synthetic_reference
FB2-LNK-SAF-000044,FB2-VER-TMS-000008,verifies,FB2-SAF-FSR-000003,synthetic_reference
FB2-LNK-SAF-000045,FB2-VER-TMS-000008,verifies,FB2-SAF-FSR-000004,synthetic_reference
FB2-LNK-SAF-000046,FB2-VER-TMS-000009,validates,FB2-SAF-SGO-000001,synthetic_reference
FB2-LNK-SAF-000047,FB2-VER-TMS-000009,validates,FB2-MAN-SCO-000001,synthetic_reference
FB2-LNK-SAF-000048,FB2-VER-TMS-000010,verifies,FB2-SW-SWR-000002,synthetic_reference
FB2-LNK-SAF-000049,FB2-VER-TMS-000011,verifies,FB2-SAF-FSR-000001,synthetic_reference
FB2-LNK-SAF-000050,FB2-VER-TMS-000011,verifies,FB2-SAF-FSR-000002,synthetic_reference
FB2-LNK-SAF-000051,FB2-VER-TMS-000011,verifies,FB2-SAF-FSR-000003,synthetic_reference
FB2-LNK-SAF-000052,FB2-VER-TMS-000011,verifies,FB2-SAF-FSR-000004,synthetic_reference
FB2-LNK-SAF-000053,FB2-VER-EXE-000007,result_of,FB2-VER-TMS-000007,synthetic_reference
FB2-LNK-SAF-000054,FB2-VER-EXE-000008,result_of,FB2-VER-TMS-000008,synthetic_reference
FB2-LNK-SAF-000055,FB2-VER-EXE-000009,result_of,FB2-VER-TMS-000009,synthetic_reference
FB2-LNK-SAF-000056,FB2-VER-EXE-000010,result_of,FB2-VER-TMS-000010,synthetic_reference
FB2-LNK-SAF-000057,FB2-VER-EXE-000011,result_of,FB2-VER-TMS-000011,synthetic_reference
FB2-LNK-SAF-000058,FB2-HW-TSR-000004,allocated_to,FB2-SAF-FSR-000004,synthetic_reference
FB2-LNK-SEC-000001,FB2-SAF-TAR-000001,supports,FB2-SAF-SEC-000001,synthetic_reference
FB2-LNK-SEC-000002,FB2-SAF-TAR-000001,supports,FB2-SAF-SEC-000002,synthetic_reference
FB2-LNK-SEC-000003,FB2-SAF-TAR-000001,supports,FB2-SAF-SEC-000003,synthetic_reference
FB2-LNK-SEC-000004,FB2-SAF-TAR-000001,supports,FB2-SAF-SEC-000004,synthetic_reference
FB2-LNK-SEC-000005,FB2-SAF-TAR-000001,supports,FB2-SAF-SEC-000005,synthetic_reference
FB2-LNK-SEC-000006,FB2-SAF-SEC-000001,supports,FB2-SAF-SGO-000001,synthetic_reference
FB2-LNK-SEC-000007,FB2-SAF-SEC-000002,supports,FB2-SAF-SGO-000001,synthetic_reference
FB2-LNK-SEC-000008,FB2-SAF-SEC-000003,supports,FB2-SAF-FSR-000001,synthetic_reference
FB2-LNK-SEC-000009,FB2-SAF-SEC-000003,supports,FB2-SAF-FSR-000002,synthetic_reference
FB2-LNK-SEC-000010,FB2-SAF-SEC-000004,supports,FB2-SAF-SGO-000001,synthetic_reference
FB2-LNK-SEC-000011,FB2-SAF-SEC-000005,supports,FB2-SAF-SCS-000001,synthetic_reference
FB2-LNK-SEC-000012,FB2-SAF-TAR-000001,supports,FB2-SAF-SGO-000001,synthetic_reference
FB2-LNK-SEC-000013,FB2-SAF-TAR-000001,supports,FB2-SAF-FSR-000001,synthetic_reference
FB2-LNK-SEC-000014,FB2-SAF-TAR-000001,supports,FB2-SAF-FSR-000002,synthetic_reference
FB2-LNK-SEC-000015,FB2-SAF-TAR-000001,supports,FB2-SAF-FSR-000003,synthetic_reference
FB2-LNK-SEC-000016,FB2-SAF-TAR-000001,supports,FB2-SAF-SCS-000001,synthetic_reference
FB2-LNK-SW-000001,FB2-SW-DEV-000002,refines,FB2-SW-DSN-000001,as_is
FB2-LNK-SW-000002,FB2-SW-DEV-000003,refines,FB2-SW-DSN-000001,as_is
FB2-LNK-SW-000003,FB2-SW-DEV-000004,refines,FB2-SW-DSN-000001,as_is
FB2-LNK-SW-000004,FB2-SW-DEV-000005,refines,FB2-SW-DSN-000001,as_is
FB2-LNK-SW-000005,FB2-SW-DEV-000006,refines,FB2-SW-DSN-000001,as_is
FB2-LNK-SW-000006,FB2-SW-DEV-000016,refines,FB2-SW-DSN-000001,as_is
